c1.jpg,c
c10.jpg,s
c11.jpg,s
c12.jpg,c
c13.jpg,c
c14.jpg,s
c15.jpg,c
c16.jpg,c
c17.jpg,c
c18.jpg,s
c19.jpg,c
c2.jpg,s
c20.jpg,c
c21.jpg,c
c22.jpg,c
c23.jpg,c
c24.jpg,c
c25.jpg,c
c26.jpg,s
c27.jpg,c
c28.jpg,s
c29.jpg,c
c3.jpg,c
c30.jpg,c
c31.jpg,c
c32.jpg,s
c33.jpg,c
c34.jpg,c
c35.jpg,c
c36.jpg,c
c37.jpg,c
c38.jpg,c
c39.jpg,c
c4.jpg,c
c40.jpg,s
c5.jpg,c
c6.jpg,s
c7.jpg,s
c8.jpg,c
c9.jpg,s
s1.jpg,c
s10.jpg,s
s11.jpg,c
s12.jpg,s
s13.jpg,c
s14.jpg,c
s15.jpg,s
s16.jpg,s
s17.jpg,s
s18.jpg,c
s19.jpg,s
s2.jpg,c
s20.jpg,c
s21.jpg,s
s22.jpg,c
s23.jpg,s
s24.jpg,s
s25.jpg,s
s26.jpg,c
s27.jpg,c
s28.jpg,c
s29.jpg,s
s3.jpg,c
s30.jpg,s
s31.jpg,c
s32.jpg,s
s33.jpg,s
s34.jpg,c
s35.jpg,c
s36.jpg,s
s37.jpg,s
s38.jpg,s
s39.jpg,c
s4.jpg,s
s40.jpg,s
s5.jpg,s
s6.jpg,s
s7.jpg,s
s8.jpg,s
s9.jpg,s
